{"stat.walkOneCm":295437,"stat.useItem.portalgun.item_portalgun":204,"stat.useItem.galacticraftplanets.laser_turret":7,"stat.trappedChestTriggered":1,"stat.leaveGame":8,"stat.useItem.portalstuff.smart_wire":92,"stat.useItem.projectred-transmission.wire":47,"stat.useItem.projectred-transmission.framed_wire":72,"stat.pickup.portalstuff.portal_placer":4,"stat.pickup.portalblocks.light":13,"stat.jump":157,"stat.swimOneCm":667,"stat.useItem.minecraft.redstone":29,"stat.crouchOneCm":367,"stat.pickup.galacticraftplanets.laser_turret":1,"stat.useItem.microblockcbe.microblock":67,"stat.sprintOneCm":1187,"stat.useItem.minecraft.stone_slab2":2444,"stat.pickup.portalgun.item_portalgun":6,"stat.useItem.minecraft.water_bucket":1,"stat.useItem.portalstuff.portal_placer":5,"stat.flyOneCm":224110,"stat.useItem.moreplanets.tier_6_rocket":1,"stat.playOneMinute":137888,"stat.useItem.portalblocks.light":102,"stat.sneakTime":2816,"stat.damageDealt":0,"stat.pickup.minecraft.redstone":3,"stat.timeSinceDeath":137888,"stat.diveOneCm":2759}