{
  "minecraft:recipes/redstone/noteblock": {
    "criteria": {
      "has_redstone": "2021-04-26 05:10:42 +0100"
    },
    "done": true
  },
  "computercraft:recipes/advanced_turtle": {
    "criteria": {
      "has_advanced": "2021-04-26 05:43:43 +0100"
    },
    "done": true
  },
  "computercraft:recipes/advanced_monitor": {
    "criteria": {
      "has_advanced": "2021-04-26 05:43:43 +0100"
    },
    "done": true
  },
  "computercraft:recipes/generated/disk": {
    "criteria": {
      "has_printer": "2021-04-26 05:46:23 +0100"
    },
    "done": true
  },
  "minecraft:recipes/tools/clock": {
    "criteria": {
      "has_redstone": "2021-04-26 05:10:42 +0100"
    },
    "done": true
  },
  "computercraft:recipes/wireless_modem": {
    "criteria": {
      "has_advanced": "2021-04-26 05:43:43 +0100"
    },
    "done": true
  },
  "minecraft:recipes/transportation/dark_oak_boat": {
    "criteria": {
      "entered_water": "2021-04-26 06:15:09 +0100"
    },
    "done": true
  },
  "minecraft:recipes/tools/compass": {
    "criteria": {
      "has_redstone": "2021-04-26 05:10:42 +0100"
    },
    "done": true
  },
  "computercraft:recipes/normal_monitor": {
    "criteria": {
      "has_advanced": "2021-04-26 05:43:43 +0100"
    },
    "done": true
  },
  "computercraft:recipes/skull_cloudy": {
    "criteria": {
      "has_advanced": "2021-04-26 05:43:43 +0100"
    },
    "done": true
  },
  "minecraft:recipes/redstone/piston": {
    "criteria": {
      "has_redstone": "2021-04-26 05:10:42 +0100"
    },
    "done": true
  },
  "computercraft:recipes/printer": {
    "criteria": {
      "has_advanced": "2021-04-26 05:43:43 +0100"
    },
    "done": true
  },
  "computercraft:recipes/printed_pages": {
    "criteria": {
      "has_normal": "2021-04-26 05:46:23 +0100"
    },
    "done": true
  },
  "minecraft:recipes/brewing/cauldron": {
    "criteria": {
      "has_water_bucket": "2021-04-26 06:15:04 +0100"
    },
    "done": true
  },
  "minecraft:adventure/adventuring_time": {
    "criteria": {
      "plains": "2021-04-26 04:29:42 +0100"
    },
    "done": false
  },
  "computercraft:recipes/advanced_computer": {
    "criteria": {
      "has_redstone": "2021-04-26 05:10:42 +0100"
    },
    "done": true
  },
  "computercraft:recipes/advanced_pocket_computer": {
    "criteria": {
      "has_advanced": "2021-04-26 05:43:43 +0100"
    },
    "done": true
  },
  "minecraft:recipes/decorations/armor_stand": {
    "criteria": {
      "has_stone_slab": "2021-04-26 06:14:57 +0100"
    },
    "done": true
  },
  "minecraft:recipes/redstone/redstone_torch": {
    "criteria": {
      "has_redstone": "2021-04-26 05:10:42 +0100"
    },
    "done": true
  },
  "buildcraftsilicon:laser_power": {
    "criteria": {
      "get_laser": "2021-04-26 05:41:15 +0100"
    },
    "done": true
  },
  "minecraft:recipes/decorations/chest": {
    "criteria": {
      "has_lots_of_items": "2021-04-26 05:33:42 +0100"
    },
    "done": true
  },
  "minecraft:recipes/transportation/birch_boat": {
    "criteria": {
      "entered_water": "2021-04-26 06:15:09 +0100"
    },
    "done": true
  },
  "computercraft:recipes/cable": {
    "criteria": {
      "has_advanced": "2021-04-26 05:43:43 +0100"
    },
    "done": true
  },
  "computercraft:recipes/speaker": {
    "criteria": {
      "has_advanced": "2021-04-26 05:43:43 +0100"
    },
    "done": true
  },
  "computercraft:recipes/normal_computer": {
    "criteria": {
      "has_redstone": "2021-04-26 05:10:42 +0100"
    },
    "done": true
  },
  "minecraft:recipes/transportation/acacia_boat": {
    "criteria": {
      "entered_water": "2021-04-26 06:15:09 +0100"
    },
    "done": true
  },
  "minecraft:recipes/redstone/dropper": {
    "criteria": {
      "has_redstone": "2021-04-26 05:10:42 +0100"
    },
    "done": true
  },
  "computercraft:recipes/ender_modem": {
    "criteria": {
      "has_advanced": "2021-04-26 05:43:43 +0100"
    },
    "done": true
  },
  "galacticraftcore:galacticraft/root": {
    "criteria": {
      "tick": "2021-04-26 04:38:22 +0100"
    },
    "done": true
  },
  "computercraft:recipes/skull_dan200": {
    "criteria": {
      "has_advanced": "2021-04-26 05:43:43 +0100"
    },
    "done": true
  },
  "computercraft:recipes/normal_pocket_computer": {
    "criteria": {
      "has_advanced": "2021-04-26 05:43:43 +0100"
    },
    "done": true
  },
  "computercraft:recipes/wired_modem": {
    "criteria": {
      "has_advanced": "2021-04-26 05:43:43 +0100"
    },
    "done": true
  },
  "computercraft:recipes/printout": {
    "criteria": {
      "has_normal": "2021-04-26 05:46:23 +0100"
    },
    "done": true
  },
  "minecraft:recipes/transportation/boat": {
    "criteria": {
      "entered_water": "2021-04-26 06:15:09 +0100"
    },
    "done": true
  },
  "computercraft:recipes/disk_drive": {
    "criteria": {
      "has_advanced": "2021-04-26 05:43:43 +0100"
    },
    "done": true
  },
  "minecraft:recipes/transportation/jungle_boat": {
    "criteria": {
      "entered_water": "2021-04-26 06:15:09 +0100"
    },
    "done": true
  },
  "minecraft:recipes/transportation/spruce_boat": {
    "criteria": {
      "entered_water": "2021-04-26 06:15:09 +0100"
    },
    "done": true
  }
}